{
  "name": "Asparagus",
  "amount": 100,
  "nutrients": {
    "energy": 20.0,
    "water": 93.22,
    "fat": 0.12,
    "mono-unsaturated": 0.0,
    "poly-unsaturated": 0.05,
    "saturated": 0.04,
    "trans": 0.0,
    "cholesterol": 0.0,
    "protein": 2.2,
    "carbohydrate": 3.88,
    "fiber": 2.1,
    "sugar": 1.88,
    "starch": 0,
    "sucrose": 0.23,
    "glucose": 0.65,
    "fructose": 1.0,
    "lactose": 0.0,
    "maltose": 0.0,
    "galactose": 0.0,
    "calcium": 0.024,
    "copper": 0.000189,
    "iron": 0.00214,
    "magnesium": 0.014,
    "manganese": 0.000158,
    "molybdenum": 0,
    "phosphorus": 0.052000000000000005,
    "potassium": 0.202,
    "selenium": 2.2999999999999996e-06,
    "sodium": 0.002,
    "zinc": 0.00054,
    "vitamin-a": 3.7999999999999995e-05,
    "retinol": 0.0,
    "thiamin": 0.00014299999999999998,
    "riboflavin": 0.00014099999999999998,
    "niacin": 0.000978,
    "pantothenic-acid": 0.00027400000000000005,
    "vitamin-b6": 9.1e-05,
    "biotin": 0,
    "folate": 5.2e-05,
    "folic-acid": 0.0,
    "vitamin-b12": 0.0,
    "choline": 0.016,
    "vitamin-c": 0.0056,
    "vitamin-d": 0.0,
    "vitamin-e": 0.00113,
    "phylloquinone": 4.16e-05,
    "menaquinone": 0,
    "histidine": 0.049,
    "isoleucine": 0.075,
    "leucine": 0.128,
    "lysine": 0.104,
    "methionine": 0.031,
    "phenylalanine": 0.075,
    "threonine": 0.084,
    "tryptophan": 0.027,
    "valine": 0.115,
    "arginine": 0.091,
    "cystine": 0.031,
    "glycine": 0.093,
    "proline": 0.071,
    "tyrosine": 0.052,
    "alanine": 0.115,
    "aspartic-acid": 0.508,
    "glutamic-acid": 0.233,
    "serine": 0.106,
    "hydroxyproline": 0,
    "caffeine": 0.0,
    "theobromine": 0.0
  }
}