{
  "name": "Avocado",
  "amount": 100,
  "nutrients": {
    "energy": 160.0,
    "water": 73.23,
    "fat": 14.66,
    "mono-unsaturated": 9.799,
    "poly-unsaturated": 1.816,
    "saturated": 2.126,
    "trans": 0.0,
    "cholesterol": 0.0,
    "protein": 2.0,
    "carbohydrate": 8.53,
    "fiber": 6.7,
    "sugar": 0.66,
    "starch": 0.11,
    "sucrose": 0.06,
    "glucose": 0.37,
    "fructose": 0.12,
    "lactose": 0.0,
    "maltose": 0.0,
    "galactose": 0.1,
    "calcium": 0.012,
    "copper": 0.00019,
    "iron": 0.00055,
    "magnesium": 0.029,
    "manganese": 0.00014199999999999998,
    "molybdenum": 0,
    "phosphorus": 0.052000000000000005,
    "potassium": 0.485,
    "selenium": 4e-07,
    "sodium": 0.007,
    "zinc": 0.00064,
    "vitamin-a": 7e-06,
    "retinol": 0.0,
    "thiamin": 6.7e-05,
    "riboflavin": 0.00013000000000000002,
    "niacin": 0.001738,
    "pantothenic-acid": 0.001389,
    "vitamin-b6": 0.000257,
    "biotin": 0,
    "folate": 8.099999999999999e-05,
    "folic-acid": 0.0,
    "vitamin-b12": 0.0,
    "choline": 0.014199999999999999,
    "vitamin-c": 0.01,
    "vitamin-d": 0.0,
    "vitamin-e": 0.00207,
    "phylloquinone": 2.1e-05,
    "menaquinone": 0,
    "histidine": 0.049,
    "isoleucine": 0.084,
    "leucine": 0.143,
    "lysine": 0.132,
    "methionine": 0.038,
    "phenylalanine": 0.097,
    "threonine": 0.073,
    "tryptophan": 0.025,
    "valine": 0.107,
    "arginine": 0.088,
    "cystine": 0.027,
    "glycine": 0.104,
    "proline": 0.098,
    "tyrosine": 0.049,
    "alanine": 0.109,
    "aspartic-acid": 0.236,
    "glutamic-acid": 0.287,
    "serine": 0.114,
    "hydroxyproline": 0,
    "caffeine": 0.0,
    "theobromine": 0.0
  }
}