{
  "name": "Basil",
  "description": "Basil, fresh",
  "amount": 100,
  "nutrients": {
    "energy": 23.0,
    "water": 92.06,
    "fat": 0.64,
    "mono-unsaturated": 0.088,
    "poly-unsaturated": 0.389,
    "saturated": 0.041,
    "trans": 0.0,
    "cholesterol": 0.0,
    "protein": 3.15,
    "carbohydrate": 2.65,
    "fiber": 1.6,
    "sugar": 0.3,
    "starch": 0,
    "sucrose": 0.0,
    "glucose": 0.02,
    "fructose": 0.02,
    "lactose": 0.0,
    "maltose": 0.0,
    "galactose": 0.27,
    "calcium": 0.177,
    "copper": 0.00038500000000000003,
    "iron": 0.00317,
    "magnesium": 0.064,
    "manganese": 0.001148,
    "molybdenum": 0,
    "phosphorus": 0.056,
    "potassium": 0.295,
    "selenium": 3e-07,
    "sodium": 0.004,
    "zinc": 0.0008100000000000001,
    "vitamin-a": 0.00026399999999999997,
    "retinol": 0.0,
    "thiamin": 3.4000000000000007e-05,
    "riboflavin": 7.6e-05,
    "niacin": 0.000902,
    "pantothenic-acid": 0.00020899999999999998,
    "vitamin-b6": 0.000155,
    "biotin": 0,
    "folate": 6.8e-05,
    "folic-acid": 0.0,
    "vitamin-b12": 0.0,
    "choline": 0.0114,
    "vitamin-c": 0.018000000000000002,
    "vitamin-d": 0.0,
    "vitamin-e": 0.0008,
    "phylloquinone": 0.0004148,
    "menaquinone": 0,
    "histidine": 0.051,
    "isoleucine": 0.104,
    "leucine": 0.191,
    "lysine": 0.11,
    "methionine": 0.036,
    "phenylalanine": 0.13,
    "threonine": 0.104,
    "tryptophan": 0.039,
    "valine": 0.127,
    "arginine": 0.117,
    "cystine": 0.028,
    "glycine": 0.122,
    "proline": 0.104,
    "tyrosine": 0.077,
    "alanine": 0.132,
    "aspartic-acid": 0.301,
    "glutamic-acid": 0.277,
    "serine": 0.099,
    "hydroxyproline": 0,
    "caffeine": 0.0,
    "theobromine": 0.0
  }
}