{
  "name": "Beef Ground 80-20",
  "amount": 100,
  "nutrients": {
    "energy": 254.0,
    "water": 61.87,
    "fat": 20.0,
    "mono-unsaturated": 8.848,
    "poly-unsaturated": 0.521,
    "saturated": 7.581,
    "trans": 1.18,
    "cholesterol": 0.07100000000000001,
    "protein": 17.17,
    "carbohydrate": 0.0,
    "fiber": 0.0,
    "sugar": 0.0,
    "starch": 0,
    "sucrose": 0,
    "glucose": 0,
    "fructose": 0,
    "lactose": 0,
    "maltose": 0,
    "galactose": 0,
    "calcium": 0.018000000000000002,
    "copper": 6.1e-05,
    "iron": 0.0019399999999999999,
    "magnesium": 0.017,
    "manganese": 1e-05,
    "molybdenum": 0,
    "phosphorus": 0.158,
    "potassium": 0.27,
    "selenium": 1.4999999999999999e-05,
    "sodium": 0.066,
    "zinc": 0.00418,
    "vitamin-a": 4e-06,
    "retinol": 4e-06,
    "thiamin": 4.2999999999999995e-05,
    "riboflavin": 0.000151,
    "niacin": 0.004227000000000001,
    "pantothenic-acid": 0.000498,
    "vitamin-b6": 0.000323,
    "biotin": 0,
    "folate": 7e-06,
    "folic-acid": 0.0,
    "vitamin-b12": 2.14e-06,
    "choline": 0.0564,
    "vitamin-c": 0.0,
    "vitamin-d": 1e-07,
    "vitamin-e": 0.00017,
    "phylloquinone": 1.8e-06,
    "menaquinone": 0,
    "histidine": 0.558,
    "isoleucine": 0.759,
    "leucine": 1.339,
    "lysine": 1.423,
    "methionine": 0.442,
    "phenylalanine": 0.67,
    "threonine": 0.665,
    "tryptophan": 0.087,
    "valine": 0.844,
    "arginine": 1.118,
    "cystine": 0.177,
    "glycine": 1.166,
    "proline": 0.875,
    "tyrosine": 0.528,
    "alanine": 1.076,
    "aspartic-acid": 1.547,
    "glutamic-acid": 2.575,
    "serine": 0.688,
    "hydroxyproline": 0.272,
    "caffeine": 0.0,
    "theobromine": 0.0
  }
}