{
  "name": "Brazil Nut",
  "description": "Nuts, brazilnuts, dried, unblanched",
  "amount": 100,
  "nutrients": {
    "energy": 659.0,
    "water": 3.42,
    "fat": 67.1,
    "mono-unsaturated": 23.879,
    "poly-unsaturated": 24.399,
    "saturated": 16.134,
    "trans": 0,
    "cholesterol": 0.0,
    "protein": 14.32,
    "carbohydrate": 11.74,
    "fiber": 7.5,
    "sugar": 2.33,
    "starch": 0.25,
    "sucrose": 2.33,
    "glucose": 0.0,
    "fructose": 0.0,
    "lactose": 0.0,
    "maltose": 0.0,
    "galactose": 0.0,
    "calcium": 0.16,
    "copper": 0.0017430000000000002,
    "iron": 0.0024300000000000003,
    "magnesium": 0.376,
    "manganese": 0.0012230000000000001,
    "molybdenum": 0,
    "phosphorus": 0.725,
    "potassium": 0.659,
    "selenium": 0.0019169999999999999,
    "sodium": 0.003,
    "zinc": 0.004059999999999999,
    "vitamin-a": 0.0,
    "retinol": 0.0,
    "thiamin": 0.000617,
    "riboflavin": 3.5000000000000004e-05,
    "niacin": 0.000295,
    "pantothenic-acid": 0.000184,
    "vitamin-b6": 0.000101,
    "biotin": 0,
    "folate": 2.2e-05,
    "folic-acid": 0.0,
    "vitamin-b12": 0.0,
    "choline": 0.028800000000000003,
    "vitamin-c": 0.0007,
    "vitamin-d": 0.0,
    "vitamin-e": 0.0056500000000000005,
    "phylloquinone": 0.0,
    "menaquinone": 0,
    "histidine": 0.409,
    "isoleucine": 0.518,
    "leucine": 1.19,
    "lysine": 0.49,
    "methionine": 1.124,
    "phenylalanine": 0.639,
    "threonine": 0.365,
    "tryptophan": 0.135,
    "valine": 0.76,
    "arginine": 2.14,
    "cystine": 0.306,
    "glycine": 0.733,
    "proline": 0.706,
    "tyrosine": 0.416,
    "alanine": 0.609,
    "aspartic-acid": 1.325,
    "glutamic-acid": 3.19,
    "serine": 0.676,
    "hydroxyproline": 0,
    "caffeine": 0.0,
    "theobromine": 0.0
  }
}