{
  "name": "Broccoli",
  "amount": 100,
  "nutrients": {
    "energy": 34.0,
    "water": 89.3,
    "fat": 0.37,
    "mono-unsaturated": 0.031,
    "poly-unsaturated": 0.112,
    "saturated": 0.114,
    "trans": 0.0,
    "cholesterol": 0.0,
    "protein": 2.82,
    "carbohydrate": 6.64,
    "fiber": 2.6,
    "sugar": 1.7,
    "starch": 0.0,
    "sucrose": 0.1,
    "glucose": 0.49,
    "fructose": 0.68,
    "lactose": 0.21,
    "maltose": 0.21,
    "galactose": 0.0,
    "calcium": 0.047,
    "copper": 4.9000000000000005e-05,
    "iron": 0.00073,
    "magnesium": 0.021,
    "manganese": 0.00021,
    "molybdenum": 0,
    "phosphorus": 0.066,
    "potassium": 0.316,
    "selenium": 2.4999999999999998e-06,
    "sodium": 0.033,
    "zinc": 0.00041,
    "vitamin-a": 3.1e-05,
    "retinol": 0.0,
    "thiamin": 7.099999999999999e-05,
    "riboflavin": 0.00011700000000000001,
    "niacin": 0.000639,
    "pantothenic-acid": 0.0005729999999999999,
    "vitamin-b6": 0.000175,
    "biotin": 0,
    "folate": 6.3e-05,
    "folic-acid": 0.0,
    "vitamin-b12": 0.0,
    "choline": 0.0187,
    "vitamin-c": 0.0892,
    "vitamin-d": 0.0,
    "vitamin-e": 0.0007800000000000001,
    "phylloquinone": 0.00010159999999999999,
    "menaquinone": 0,
    "histidine": 0.059,
    "isoleucine": 0.079,
    "leucine": 0.129,
    "lysine": 0.135,
    "methionine": 0.038,
    "phenylalanine": 0.117,
    "threonine": 0.088,
    "tryptophan": 0.033,
    "valine": 0.125,
    "arginine": 0.191,
    "cystine": 0.028,
    "glycine": 0.089,
    "proline": 0.11,
    "tyrosine": 0.05,
    "alanine": 0.104,
    "aspartic-acid": 0.325,
    "glutamic-acid": 0.542,
    "serine": 0.121,
    "hydroxyproline": 0,
    "caffeine": 0.0,
    "theobromine": 0.0
  }
}