{
  "name": "Cabbage",
  "description": "Cabbage, raw",
  "amount": 100,
  "nutrients": {
    "energy": 25.0,
    "water": 92.18,
    "fat": 0.1,
    "mono-unsaturated": 0.017,
    "poly-unsaturated": 0.017,
    "saturated": 0.034,
    "trans": 0.0,
    "cholesterol": 0.0,
    "protein": 1.28,
    "carbohydrate": 5.8,
    "fiber": 2.5,
    "sugar": 3.2,
    "starch": 0.0,
    "sucrose": 0.08,
    "glucose": 1.67,
    "fructose": 1.45,
    "lactose": 0.0,
    "maltose": 0.01,
    "galactose": 0.0,
    "calcium": 0.04,
    "copper": 1.9e-05,
    "iron": 0.00047,
    "magnesium": 0.012,
    "manganese": 0.00016,
    "molybdenum": 0,
    "phosphorus": 0.026000000000000002,
    "potassium": 0.17,
    "selenium": 3e-07,
    "sodium": 0.018000000000000002,
    "zinc": 0.00017999999999999998,
    "vitamin-a": 4.9999999999999996e-06,
    "retinol": 0.0,
    "thiamin": 6.1e-05,
    "riboflavin": 4e-05,
    "niacin": 0.00023400000000000002,
    "pantothenic-acid": 0.000212,
    "vitamin-b6": 0.000124,
    "biotin": 0,
    "folate": 4.2999999999999995e-05,
    "folic-acid": 0.0,
    "vitamin-b12": 0.0,
    "choline": 0.0107,
    "vitamin-c": 0.0366,
    "vitamin-d": 0.0,
    "vitamin-e": 0.00015,
    "phylloquinone": 7.599999999999999e-05,
    "menaquinone": 0,
    "histidine": 0.022,
    "isoleucine": 0.03,
    "leucine": 0.041,
    "lysine": 0.044,
    "methionine": 0.012,
    "phenylalanine": 0.032,
    "threonine": 0.035,
    "tryptophan": 0.011,
    "valine": 0.042,
    "arginine": 0.075,
    "cystine": 0.011,
    "glycine": 0.03,
    "proline": 0.048,
    "tyrosine": 0.019,
    "alanine": 0.042,
    "aspartic-acid": 0.122,
    "glutamic-acid": 0.294,
    "serine": 0.053,
    "hydroxyproline": 0,
    "caffeine": 0.0,
    "theobromine": 0.0
  }
}