{
  "name": "Carrot",
  "amount": 100,
  "nutrients": {
    "energy": 41.0,
    "water": 88.29,
    "fat": 0.24,
    "mono-unsaturated": 0.012,
    "poly-unsaturated": 0.102,
    "saturated": 0.032,
    "trans": 0.0,
    "cholesterol": 0.0,
    "protein": 0.93,
    "carbohydrate": 9.58,
    "fiber": 2.8,
    "sugar": 4.74,
    "starch": 1.43,
    "sucrose": 3.59,
    "glucose": 0.59,
    "fructose": 0.55,
    "lactose": 0.0,
    "maltose": 0.0,
    "galactose": 0.0,
    "calcium": 0.033,
    "copper": 4.4999999999999996e-05,
    "iron": 0.0003,
    "magnesium": 0.012,
    "manganese": 0.00014299999999999998,
    "molybdenum": 0,
    "phosphorus": 0.035,
    "potassium": 0.32,
    "selenium": 1e-07,
    "sodium": 0.069,
    "zinc": 0.00024,
    "vitamin-a": 0.0008349999999999999,
    "retinol": 0.0,
    "thiamin": 6.6e-05,
    "riboflavin": 5.800000000000001e-05,
    "niacin": 0.000983,
    "pantothenic-acid": 0.000273,
    "vitamin-b6": 0.00013800000000000002,
    "biotin": 0,
    "folate": 1.8999999999999998e-05,
    "folic-acid": 0.0,
    "vitamin-b12": 0.0,
    "choline": 0.0088,
    "vitamin-c": 0.005900000000000001,
    "vitamin-d": 0.0,
    "vitamin-e": 0.00066,
    "phylloquinone": 1.3199999999999999e-05,
    "menaquinone": 0,
    "histidine": 0.04,
    "isoleucine": 0.077,
    "leucine": 0.102,
    "lysine": 0.101,
    "methionine": 0.02,
    "phenylalanine": 0.061,
    "threonine": 0.191,
    "tryptophan": 0.012,
    "valine": 0.069,
    "arginine": 0.091,
    "cystine": 0.083,
    "glycine": 0.047,
    "proline": 0.054,
    "tyrosine": 0.043,
    "alanine": 0.113,
    "aspartic-acid": 0.19,
    "glutamic-acid": 0.366,
    "serine": 0.054,
    "hydroxyproline": 0,
    "caffeine": 0.0,
    "theobromine": 0.0
  }
}