{
  "name": "Chicken Breast",
  "amount": 100,
  "nutrients": {
    "energy": 120.0,
    "water": 73.9,
    "fat": 2.62,
    "mono-unsaturated": 0.689,
    "poly-unsaturated": 0.424,
    "saturated": 0.563,
    "trans": 0.007,
    "cholesterol": 0.073,
    "protein": 22.5,
    "carbohydrate": 0.0,
    "fiber": 0.0,
    "sugar": 0.0,
    "starch": 0,
    "sucrose": 0,
    "glucose": 0,
    "fructose": 0,
    "lactose": 0,
    "maltose": 0,
    "galactose": 0,
    "calcium": 0.005,
    "copper": 3.7e-05,
    "iron": 0.00037,
    "magnesium": 0.028,
    "manganese": 1.1e-05,
    "molybdenum": 0,
    "phosphorus": 0.213,
    "potassium": 0.334,
    "selenium": 2.28e-05,
    "sodium": 0.045,
    "zinc": 0.00068,
    "vitamin-a": 9e-06,
    "retinol": 9e-06,
    "thiamin": 9.400000000000001e-05,
    "riboflavin": 0.000177,
    "niacin": 0.0096,
    "pantothenic-acid": 0.0014950000000000002,
    "vitamin-b6": 0.0008110000000000001,
    "biotin": 0,
    "folate": 9e-06,
    "folic-acid": 0.0,
    "vitamin-b12": 2.0999999999999997e-07,
    "choline": 0.08209999999999999,
    "vitamin-c": 0.0,
    "vitamin-d": 0.0,
    "vitamin-e": 0.0005600000000000001,
    "phylloquinone": 0.0,
    "menaquinone": 8.4e-06,
    "histidine": 0.839,
    "isoleucine": 1.104,
    "leucine": 1.861,
    "lysine": 2.163,
    "methionine": 0.585,
    "phenylalanine": 0.908,
    "threonine": 1.009,
    "tryptophan": 0.283,
    "valine": 1.165,
    "arginine": 1.521,
    "cystine": 0.236,
    "glycine": 0.996,
    "proline": 0.715,
    "tyrosine": 0.81,
    "alanine": 1.313,
    "aspartic-acid": 2.116,
    "glutamic-acid": 3.333,
    "serine": 0.858,
    "hydroxyproline": 0,
    "caffeine": 0.0,
    "theobromine": 0.0
  }
}