{
  "name": "Egg Whole",
  "description": "Egg, whole, raw, fresh",
  "amount": 100,
  "nutrients": {
    "energy": 143.0,
    "water": 76.15,
    "fat": 9.51,
    "mono-unsaturated": 3.658,
    "poly-unsaturated": 1.911,
    "saturated": 3.126,
    "trans": 0.038,
    "cholesterol": 0.372,
    "protein": 12.56,
    "carbohydrate": 0.72,
    "fiber": 0.0,
    "sugar": 0.37,
    "starch": 0,
    "sucrose": 0.0,
    "glucose": 0.37,
    "fructose": 0.0,
    "lactose": 0.0,
    "maltose": 0.0,
    "galactose": 0.0,
    "calcium": 0.056,
    "copper": 7.2e-05,
    "iron": 0.00175,
    "magnesium": 0.012,
    "manganese": 2.8e-05,
    "molybdenum": 0,
    "phosphorus": 0.198,
    "potassium": 0.138,
    "selenium": 3.07e-05,
    "sodium": 0.14200000000000002,
    "zinc": 0.0012900000000000001,
    "vitamin-a": 0.00015999999999999999,
    "retinol": 0.00015999999999999999,
    "thiamin": 4e-05,
    "riboflavin": 0.00045700000000000005,
    "niacin": 7.5e-05,
    "pantothenic-acid": 0.0015329999999999999,
    "vitamin-b6": 0.00017,
    "biotin": 0,
    "folate": 4.7e-05,
    "folic-acid": 0.0,
    "vitamin-b12": 8.9e-07,
    "choline": 0.2938,
    "vitamin-c": 0.0,
    "vitamin-d": 2e-06,
    "vitamin-e": 0.0010500000000000002,
    "phylloquinone": 3e-07,
    "menaquinone": 0,
    "histidine": 0.309,
    "isoleucine": 0.671,
    "leucine": 1.086,
    "lysine": 0.912,
    "methionine": 0.38,
    "phenylalanine": 0.68,
    "threonine": 0.556,
    "tryptophan": 0.167,
    "valine": 0.858,
    "arginine": 0.82,
    "cystine": 0.272,
    "glycine": 0.432,
    "proline": 0.512,
    "tyrosine": 0.499,
    "alanine": 0.735,
    "aspartic-acid": 1.329,
    "glutamic-acid": 1.673,
    "serine": 0.971,
    "hydroxyproline": 0,
    "caffeine": 0.0,
    "theobromine": 0.0
  }
}