{
  "name": "Flaxseed",
  "amount": 100,
  "nutrients": {
    "energy": 534.0,
    "water": 6.96,
    "fat": 42.16,
    "mono-unsaturated": 7.527,
    "poly-unsaturated": 28.73,
    "saturated": 3.663,
    "trans": 0,
    "cholesterol": 0.0,
    "protein": 18.29,
    "carbohydrate": 28.88,
    "fiber": 27.3,
    "sugar": 1.55,
    "starch": 0,
    "sucrose": 1.15,
    "glucose": 0.4,
    "fructose": 0.0,
    "lactose": 0.0,
    "maltose": 0.0,
    "galactose": 0.0,
    "calcium": 0.255,
    "copper": 0.00122,
    "iron": 0.005730000000000001,
    "magnesium": 0.392,
    "manganese": 0.0024820000000000003,
    "molybdenum": 0,
    "phosphorus": 0.642,
    "potassium": 0.8130000000000001,
    "selenium": 2.5399999999999997e-05,
    "sodium": 0.03,
    "zinc": 0.00434,
    "vitamin-a": 0.0,
    "retinol": 0.0,
    "thiamin": 0.0016439999999999998,
    "riboflavin": 0.000161,
    "niacin": 0.0030800000000000003,
    "pantothenic-acid": 0.000985,
    "vitamin-b6": 0.000473,
    "biotin": 0,
    "folate": 8.7e-05,
    "folic-acid": 0.0,
    "vitamin-b12": 0.0,
    "choline": 0.0787,
    "vitamin-c": 0.0006,
    "vitamin-d": 0.0,
    "vitamin-e": 0.00031,
    "phylloquinone": 4.2999999999999995e-06,
    "menaquinone": 0,
    "histidine": 0.472,
    "isoleucine": 0.896,
    "leucine": 1.235,
    "lysine": 0.862,
    "methionine": 0.37,
    "phenylalanine": 0.957,
    "threonine": 0.766,
    "tryptophan": 0.297,
    "valine": 1.072,
    "arginine": 1.925,
    "cystine": 0.34,
    "glycine": 1.248,
    "proline": 0.806,
    "tyrosine": 0.493,
    "alanine": 0.925,
    "aspartic-acid": 2.046,
    "glutamic-acid": 4.039,
    "serine": 0.97,
    "hydroxyproline": 0.175,
    "caffeine": 0.0,
    "theobromine": 0.0
  }
}