{
  "name": "Ginger Root",
  "description": "Ginger root, raw",
  "amount": 100,
  "nutrients": {
    "energy": 80.0,
    "water": 78.89,
    "fat": 0.75,
    "mono-unsaturated": 0.154,
    "poly-unsaturated": 0.154,
    "saturated": 0.203,
    "trans": 0.0,
    "cholesterol": 0.0,
    "protein": 1.82,
    "carbohydrate": 17.77,
    "fiber": 2.0,
    "sugar": 1.7,
    "starch": 0,
    "sucrose": 0,
    "glucose": 0,
    "fructose": 0,
    "lactose": 0,
    "maltose": 0,
    "galactose": 0,
    "calcium": 0.016,
    "copper": 0.00022600000000000002,
    "iron": 0.0006,
    "magnesium": 0.043000000000000003,
    "manganese": 0.000229,
    "molybdenum": 0,
    "phosphorus": 0.034,
    "potassium": 0.41500000000000004,
    "selenium": 7e-07,
    "sodium": 0.013000000000000001,
    "zinc": 0.00034,
    "vitamin-a": 0.0,
    "retinol": 0.0,
    "thiamin": 2.5e-05,
    "riboflavin": 3.4000000000000007e-05,
    "niacin": 0.00075,
    "pantothenic-acid": 0.00020300000000000003,
    "vitamin-b6": 0.00016,
    "biotin": 0,
    "folate": 1.1e-05,
    "folic-acid": 0.0,
    "vitamin-b12": 0.0,
    "choline": 0.028800000000000003,
    "vitamin-c": 0.005,
    "vitamin-d": 0.0,
    "vitamin-e": 0.00026000000000000003,
    "phylloquinone": 1e-07,
    "menaquinone": 0,
    "histidine": 0.03,
    "isoleucine": 0.051,
    "leucine": 0.074,
    "lysine": 0.057,
    "methionine": 0.013,
    "phenylalanine": 0.045,
    "threonine": 0.036,
    "tryptophan": 0.012,
    "valine": 0.073,
    "arginine": 0.043,
    "cystine": 0.008,
    "glycine": 0.043,
    "proline": 0.041,
    "tyrosine": 0.02,
    "alanine": 0.031,
    "aspartic-acid": 0.208,
    "glutamic-acid": 0.162,
    "serine": 0.045,
    "hydroxyproline": 0,
    "caffeine": 0.0,
    "theobromine": 0.0
  }
}