{
  "name": "Green Bean",
  "description": "Beans, snap, green, raw",
  "amount": 100,
  "nutrients": {
    "energy": 31.0,
    "water": 90.32,
    "fat": 0.22,
    "mono-unsaturated": 0.01,
    "poly-unsaturated": 0.113,
    "saturated": 0.05,
    "trans": 0.0,
    "cholesterol": 0.0,
    "protein": 1.83,
    "carbohydrate": 6.97,
    "fiber": 2.7,
    "sugar": 3.26,
    "starch": 0.88,
    "sucrose": 0.36,
    "glucose": 1.51,
    "fructose": 1.39,
    "lactose": 0.0,
    "maltose": 0.0,
    "galactose": 0.0,
    "calcium": 0.037,
    "copper": 6.900000000000001e-05,
    "iron": 0.00103,
    "magnesium": 0.025,
    "manganese": 0.000216,
    "molybdenum": 0,
    "phosphorus": 0.038,
    "potassium": 0.211,
    "selenium": 6e-07,
    "sodium": 0.006,
    "zinc": 0.00024,
    "vitamin-a": 3.5e-05,
    "retinol": 0.0,
    "thiamin": 8.2e-05,
    "riboflavin": 0.000104,
    "niacin": 0.000734,
    "pantothenic-acid": 0.00022500000000000002,
    "vitamin-b6": 0.00014099999999999998,
    "biotin": 0,
    "folate": 3.2999999999999996e-05,
    "folic-acid": 0.0,
    "vitamin-b12": 0.0,
    "choline": 0.015300000000000001,
    "vitamin-c": 0.012199999999999999,
    "vitamin-d": 0.0,
    "vitamin-e": 0.00041,
    "phylloquinone": 4.2999999999999995e-05,
    "menaquinone": 0,
    "histidine": 0.034,
    "isoleucine": 0.066,
    "leucine": 0.112,
    "lysine": 0.088,
    "methionine": 0.022,
    "phenylalanine": 0.067,
    "threonine": 0.079,
    "tryptophan": 0.019,
    "valine": 0.09,
    "arginine": 0.073,
    "cystine": 0.018,
    "glycine": 0.065,
    "proline": 0.068,
    "tyrosine": 0.042,
    "alanine": 0.084,
    "aspartic-acid": 0.255,
    "glutamic-acid": 0.187,
    "serine": 0.099,
    "hydroxyproline": 0,
    "caffeine": 0.0,
    "theobromine": 0.0
  }
}