{
  "name": "Gruyere Cheese",
  "description": "Cheese, gruyere",
  "amount": 100,
  "nutrients": {
    "energy": 413.0,
    "water": 33.19,
    "fat": 32.34,
    "mono-unsaturated": 10.043,
    "poly-unsaturated": 1.733,
    "saturated": 18.913,
    "trans": 0,
    "cholesterol": 0.11,
    "protein": 29.81,
    "carbohydrate": 0.36,
    "fiber": 0.0,
    "sugar": 0.36,
    "starch": 0,
    "sucrose": 0,
    "glucose": 0,
    "fructose": 0,
    "lactose": 0,
    "maltose": 0,
    "galactose": 0,
    "calcium": 1.0110000000000001,
    "copper": 3.2e-05,
    "iron": 0.00017,
    "magnesium": 0.036000000000000004,
    "manganese": 1.7000000000000003e-05,
    "molybdenum": 0,
    "phosphorus": 0.605,
    "potassium": 0.081,
    "selenium": 1.45e-05,
    "sodium": 0.714,
    "zinc": 0.0039,
    "vitamin-a": 0.000271,
    "retinol": 0.000268,
    "thiamin": 6e-05,
    "riboflavin": 0.000279,
    "niacin": 0.000106,
    "pantothenic-acid": 0.0005620000000000001,
    "vitamin-b6": 8.1e-05,
    "biotin": 0,
    "folate": 9.999999999999999e-06,
    "folic-acid": 0.0,
    "vitamin-b12": 1.6e-06,
    "choline": 0.0154,
    "vitamin-c": 0.0,
    "vitamin-d": 6e-07,
    "vitamin-e": 0.00028000000000000003,
    "phylloquinone": 2.7e-06,
    "menaquinone": 0,
    "histidine": 1.117,
    "isoleucine": 1.612,
    "leucine": 3.102,
    "lysine": 2.71,
    "methionine": 0.822,
    "phenylalanine": 1.743,
    "threonine": 1.089,
    "tryptophan": 0.421,
    "valine": 2.243,
    "arginine": 0.972,
    "cystine": 0.304,
    "glycine": 0.533,
    "proline": 3.869,
    "tyrosine": 1.776,
    "alanine": 0.958,
    "aspartic-acid": 1.645,
    "glutamic-acid": 5.981,
    "serine": 1.719,
    "hydroxyproline": 0,
    "caffeine": 0.0,
    "theobromine": 0.0
  }
}