{
  "name": "Kale",
  "description": "Kale, raw",
  "amount": 100,
  "nutrients": {
    "energy": 35.0,
    "water": 89.63,
    "fat": 1.49,
    "mono-unsaturated": 0.104,
    "poly-unsaturated": 0.673,
    "saturated": 0.178,
    "trans": 0.0,
    "cholesterol": 0.0,
    "protein": 2.92,
    "carbohydrate": 4.42,
    "fiber": 4.1,
    "sugar": 0.99,
    "starch": 0,
    "sucrose": 0.18,
    "glucose": 0.4,
    "fructose": 0.41,
    "lactose": 0.0,
    "maltose": 0.0,
    "galactose": 0.0,
    "calcium": 0.254,
    "copper": 5.3e-05,
    "iron": 0.0016,
    "magnesium": 0.033,
    "manganese": 0.00092,
    "molybdenum": 0,
    "phosphorus": 0.055,
    "potassium": 0.34800000000000003,
    "selenium": 9e-07,
    "sodium": 0.053,
    "zinc": 0.00039000000000000005,
    "vitamin-a": 0.00024099999999999998,
    "retinol": 0.0,
    "thiamin": 0.00011300000000000001,
    "riboflavin": 0.000347,
    "niacin": 0.00118,
    "pantothenic-acid": 0.00037,
    "vitamin-b6": 0.000147,
    "biotin": 0,
    "folate": 6.2e-05,
    "folic-acid": 0.0,
    "vitamin-b12": 0.0,
    "choline": 0.0005,
    "vitamin-c": 0.09340000000000001,
    "vitamin-d": 0.0,
    "vitamin-e": 0.00066,
    "phylloquinone": 0.0003896,
    "menaquinone": 0.0,
    "histidine": 0.172,
    "isoleucine": 0.175,
    "leucine": 0.205,
    "lysine": 0.175,
    "methionine": 0.029,
    "phenylalanine": 0.15,
    "threonine": 0.131,
    "tryptophan": 0.035,
    "valine": 0.159,
    "arginine": 0.163,
    "cystine": 0.038,
    "glycine": 0.141,
    "proline": 0.174,
    "tyrosine": 0.103,
    "alanine": 0.147,
    "aspartic-acid": 0.262,
    "glutamic-acid": 0.331,
    "serine": 0.123,
    "hydroxyproline": 0,
    "caffeine": 0.0,
    "theobromine": 0.0
  }
}