{
  "name": "Mushroom White",
  "description": "Mushrooms, white, raw",
  "amount": 100,
  "nutrients": {
    "energy": 22.0,
    "water": 92.45,
    "fat": 0.34,
    "mono-unsaturated": 0.0,
    "poly-unsaturated": 0.16,
    "saturated": 0.05,
    "trans": 0.0,
    "cholesterol": 0.0,
    "protein": 3.09,
    "carbohydrate": 3.26,
    "fiber": 1.0,
    "sugar": 1.98,
    "starch": 0.0,
    "sucrose": 0.0,
    "glucose": 1.48,
    "fructose": 0.17,
    "lactose": 0.0,
    "maltose": 0.0,
    "galactose": 0.0,
    "calcium": 0.003,
    "copper": 0.00031800000000000003,
    "iron": 0.0005,
    "magnesium": 0.009000000000000001,
    "manganese": 4.7000000000000004e-05,
    "molybdenum": 0,
    "phosphorus": 0.08600000000000001,
    "potassium": 0.318,
    "selenium": 9.3e-06,
    "sodium": 0.005,
    "zinc": 0.0005200000000000001,
    "vitamin-a": 0.0,
    "retinol": 0.0,
    "thiamin": 8.1e-05,
    "riboflavin": 0.000402,
    "niacin": 0.0036070000000000004,
    "pantothenic-acid": 0.001497,
    "vitamin-b6": 0.000104,
    "biotin": 0,
    "folate": 1.7e-05,
    "folic-acid": 0.0,
    "vitamin-b12": 4e-08,
    "choline": 0.0173,
    "vitamin-c": 0.0021000000000000003,
    "vitamin-d": 2e-07,
    "vitamin-e": 1e-05,
    "phylloquinone": 0.0,
    "menaquinone": 0.0,
    "histidine": 0.057,
    "isoleucine": 0.076,
    "leucine": 0.12,
    "lysine": 0.107,
    "methionine": 0.031,
    "phenylalanine": 0.085,
    "threonine": 0.107,
    "tryptophan": 0.035,
    "valine": 0.232,
    "arginine": 0.078,
    "cystine": 0.012,
    "glycine": 0.092,
    "proline": 0.076,
    "tyrosine": 0.044,
    "alanine": 0.199,
    "aspartic-acid": 0.195,
    "glutamic-acid": 0.343,
    "serine": 0.094,
    "hydroxyproline": 0,
    "caffeine": 0.0,
    "theobromine": 0.0
  }
}