{
  "name": "Oyster Pacific",
  "amount": 100,
  "nutrients": {
    "energy": 81.0,
    "water": 82.06,
    "fat": 2.3,
    "mono-unsaturated": 0.358,
    "poly-unsaturated": 0.894,
    "saturated": 0.51,
    "trans": 0,
    "cholesterol": 0.05,
    "protein": 9.45,
    "carbohydrate": 4.95,
    "fiber": 0.0,
    "sugar": 0,
    "starch": 0,
    "sucrose": 0,
    "glucose": 0,
    "fructose": 0,
    "lactose": 0,
    "maltose": 0,
    "galactose": 0,
    "calcium": 0.008,
    "copper": 0.0015760000000000001,
    "iron": 0.005110000000000001,
    "magnesium": 0.022,
    "manganese": 0.000643,
    "molybdenum": 0,
    "phosphorus": 0.162,
    "potassium": 0.168,
    "selenium": 7.7e-05,
    "sodium": 0.106,
    "zinc": 0.016620000000000003,
    "vitamin-a": 8.099999999999999e-05,
    "retinol": 8.099999999999999e-05,
    "thiamin": 6.7e-05,
    "riboflavin": 0.00023300000000000003,
    "niacin": 0.0020099999999999996,
    "pantothenic-acid": 0.0005,
    "vitamin-b6": 5e-05,
    "biotin": 0,
    "folate": 9.999999999999999e-06,
    "folic-acid": 0.0,
    "vitamin-b12": 1.6e-05,
    "choline": 0,
    "vitamin-c": 0.008,
    "vitamin-d": 0,
    "vitamin-e": 0,
    "phylloquinone": 0,
    "menaquinone": 0,
    "histidine": 0.181,
    "isoleucine": 0.411,
    "leucine": 0.665,
    "lysine": 0.706,
    "methionine": 0.213,
    "phenylalanine": 0.339,
    "threonine": 0.407,
    "tryptophan": 0.106,
    "valine": 0.413,
    "arginine": 0.689,
    "cystine": 0.124,
    "glycine": 0.591,
    "proline": 0.386,
    "tyrosine": 0.302,
    "alanine": 0.572,
    "aspartic-acid": 0.912,
    "glutamic-acid": 1.285,
    "serine": 0.423,
    "hydroxyproline": 0,
    "caffeine": 0,
    "theobromine": 0
  }
}