{
  "name": "Oyster Eastern",
  "amount": 100,
  "nutrients": {
    "energy": 51.0,
    "water": 89.04,
    "fat": 1.71,
    "mono-unsaturated": 0.253,
    "poly-unsaturated": 0.528,
    "saturated": 0.474,
    "trans": 0.034,
    "cholesterol": 0.04,
    "protein": 5.71,
    "carbohydrate": 2.72,
    "fiber": 0.0,
    "sugar": 0.62,
    "starch": 0.45,
    "sucrose": 0.0,
    "glucose": 0.62,
    "fructose": 0.0,
    "lactose": 0.0,
    "maltose": 0.0,
    "galactose": 0.0,
    "calcium": 0.059000000000000004,
    "copper": 0.0028580000000000003,
    "iron": 0.00461,
    "magnesium": 0.018000000000000002,
    "manganese": 0.000296,
    "molybdenum": 0,
    "phosphorus": 0.097,
    "potassium": 0.156,
    "selenium": 1.9699999999999998e-05,
    "sodium": 0.085,
    "zinc": 0.039299999999999995,
    "vitamin-a": 1.3e-05,
    "retinol": 1.3e-05,
    "thiamin": 1.8e-05,
    "riboflavin": 8.999999999999999e-05,
    "niacin": 0.000925,
    "pantothenic-acid": 0.000223,
    "vitamin-b6": 3.1e-05,
    "biotin": 0,
    "folate": 7e-06,
    "folic-acid": 0.0,
    "vitamin-b12": 8.75e-06,
    "choline": 0.065,
    "vitamin-c": 0.0,
    "vitamin-d": 0.0,
    "vitamin-e": 0.00085,
    "phylloquinone": 1e-06,
    "menaquinone": 2.4999999999999998e-06,
    "histidine": 0.11,
    "isoleucine": 0.229,
    "leucine": 0.358,
    "lysine": 0.381,
    "methionine": 0.129,
    "phenylalanine": 0.207,
    "threonine": 0.023,
    "tryptophan": 0.069,
    "valine": 0.262,
    "arginine": 0.372,
    "cystine": 0.055,
    "glycine": 0.275,
    "proline": 0.225,
    "tyrosine": 0.202,
    "alanine": 0.271,
    "aspartic-acid": 0.491,
    "glutamic-acid": 0.675,
    "serine": 0.225,
    "hydroxyproline": 0,
    "caffeine": 0.0,
    "theobromine": 0.0
  }
}