{
  "name": "Parmesan Cheese",
  "description": "Cheese, parmesan, grated",
  "amount": 100,
  "nutrients": {
    "energy": 420.0,
    "water": 22.65,
    "fat": 27.84,
    "mono-unsaturated": 7.13,
    "poly-unsaturated": 1.386,
    "saturated": 15.371,
    "trans": 0.876,
    "cholesterol": 0.08600000000000001,
    "protein": 28.42,
    "carbohydrate": 13.91,
    "fiber": 0.0,
    "sugar": 0.07,
    "starch": 0,
    "sucrose": 0.0,
    "glucose": 0.0,
    "fructose": 0.0,
    "lactose": 0.0,
    "maltose": 0.0,
    "galactose": 0.07,
    "calcium": 0.853,
    "copper": 4e-05,
    "iron": 0.00049,
    "magnesium": 0.034,
    "manganese": 7.099999999999999e-05,
    "molybdenum": 0,
    "phosphorus": 0.627,
    "potassium": 0.18,
    "selenium": 3.4399999999999996e-05,
    "sodium": 1.804,
    "zinc": 0.004200000000000001,
    "vitamin-a": 0.00026199999999999997,
    "retinol": 0.00025499999999999996,
    "thiamin": 2.6e-05,
    "riboflavin": 0.000358,
    "niacin": 8e-05,
    "pantothenic-acid": 0.00045000000000000004,
    "vitamin-b6": 8.1e-05,
    "biotin": 0,
    "folate": 6e-06,
    "folic-acid": 0.0,
    "vitamin-b12": 1.4e-06,
    "choline": 0.0141,
    "vitamin-c": 0.0,
    "vitamin-d": 5e-07,
    "vitamin-e": 0.0005300000000000001,
    "phylloquinone": 1.6999999999999998e-06,
    "menaquinone": 7.099999999999999e-06,
    "histidine": 0.806,
    "isoleucine": 1.455,
    "leucine": 2.747,
    "lysine": 2.201,
    "methionine": 0.751,
    "phenylalanine": 1.538,
    "threonine": 1.075,
    "tryptophan": 0.383,
    "valine": 1.865,
    "arginine": 1.157,
    "cystine": 0.09,
    "glycine": 0.56,
    "proline": 3.415,
    "tyrosine": 1.72,
    "alanine": 0.859,
    "aspartic-acid": 1.975,
    "glutamic-acid": 6.425,
    "serine": 1.694,
    "hydroxyproline": 0,
    "caffeine": 0.0,
    "theobromine": 0.0
  }
}