{
  "name": "Pecan Nut",
  "amount": 100,
  "nutrients": {
    "energy": 691.0,
    "water": 3.52,
    "fat": 71.97,
    "mono-unsaturated": 40.801,
    "poly-unsaturated": 21.614,
    "saturated": 6.18,
    "trans": 0,
    "cholesterol": 0.0,
    "protein": 9.17,
    "carbohydrate": 13.86,
    "fiber": 9.6,
    "sugar": 3.97,
    "starch": 0.46,
    "sucrose": 3.9,
    "glucose": 0.04,
    "fructose": 0.04,
    "lactose": 0.0,
    "maltose": 0.0,
    "galactose": 0,
    "calcium": 0.07,
    "copper": 0.0012,
    "iron": 0.0025299999999999997,
    "magnesium": 0.121,
    "manganese": 0.0045000000000000005,
    "molybdenum": 0,
    "phosphorus": 0.277,
    "potassium": 0.41000000000000003,
    "selenium": 3.7999999999999996e-06,
    "sodium": 0.0,
    "zinc": 0.00453,
    "vitamin-a": 3e-06,
    "retinol": 0.0,
    "thiamin": 0.00066,
    "riboflavin": 0.00013000000000000002,
    "niacin": 0.001167,
    "pantothenic-acid": 0.000863,
    "vitamin-b6": 0.00021,
    "biotin": 0,
    "folate": 2.2e-05,
    "folic-acid": 0.0,
    "vitamin-b12": 0.0,
    "choline": 0.0405,
    "vitamin-c": 0.0011,
    "vitamin-d": 0.0,
    "vitamin-e": 0.0014,
    "phylloquinone": 3.5e-06,
    "menaquinone": 0,
    "histidine": 0.262,
    "isoleucine": 0.336,
    "leucine": 0.598,
    "lysine": 0.287,
    "methionine": 0.183,
    "phenylalanine": 0.426,
    "threonine": 0.306,
    "tryptophan": 0.093,
    "valine": 0.411,
    "arginine": 1.177,
    "cystine": 0.152,
    "glycine": 0.453,
    "proline": 0.363,
    "tyrosine": 0.215,
    "alanine": 0.397,
    "aspartic-acid": 0.929,
    "glutamic-acid": 1.829,
    "serine": 0.474,
    "hydroxyproline": 0,
    "caffeine": 0.0,
    "theobromine": 0.0
  }
}