{
  "name": "Sardine",
  "amount": 100,
  "nutrients": {
    "energy": 208.0,
    "water": 59.61,
    "fat": 11.45,
    "mono-unsaturated": 3.869,
    "poly-unsaturated": 5.148,
    "saturated": 1.528,
    "trans": 0,
    "cholesterol": 0.14200000000000002,
    "protein": 24.62,
    "carbohydrate": 0.0,
    "fiber": 0.0,
    "sugar": 0.0,
    "starch": 0,
    "sucrose": 0,
    "glucose": 0,
    "fructose": 0,
    "lactose": 0,
    "maltose": 0,
    "galactose": 0,
    "calcium": 0.382,
    "copper": 0.000186,
    "iron": 0.00292,
    "magnesium": 0.039,
    "manganese": 0.000108,
    "molybdenum": 0,
    "phosphorus": 0.49,
    "potassium": 0.397,
    "selenium": 5.27e-05,
    "sodium": 0.307,
    "zinc": 0.0013100000000000002,
    "vitamin-a": 3.2e-05,
    "retinol": 3.2e-05,
    "thiamin": 8e-05,
    "riboflavin": 0.00022700000000000002,
    "niacin": 0.0052450000000000005,
    "pantothenic-acid": 0.000642,
    "vitamin-b6": 0.00016700000000000002,
    "biotin": 0,
    "folate": 9.999999999999999e-06,
    "folic-acid": 0.0,
    "vitamin-b12": 8.939999999999999e-06,
    "choline": 0.075,
    "vitamin-c": 0.0,
    "vitamin-d": 4.8e-06,
    "vitamin-e": 0.00204,
    "phylloquinone": 2.6e-06,
    "menaquinone": 0,
    "histidine": 0.725,
    "isoleucine": 1.134,
    "leucine": 2.001,
    "lysine": 2.26,
    "methionine": 0.729,
    "phenylalanine": 0.961,
    "threonine": 1.079,
    "tryptophan": 0.276,
    "valine": 1.268,
    "arginine": 1.473,
    "cystine": 0.264,
    "glycine": 1.181,
    "proline": 0.87,
    "tyrosine": 0.831,
    "alanine": 1.489,
    "aspartic-acid": 2.52,
    "glutamic-acid": 3.674,
    "serine": 1.004,
    "hydroxyproline": 0,
    "caffeine": 0.0,
    "theobromine": 0.0
  }
}