{
  "name": "Sauerkraut",
  "amount": 100,
  "nutrients": {
    "energy": 19.0,
    "water": 92.52,
    "fat": 0.14,
    "mono-unsaturated": 0.013,
    "poly-unsaturated": 0.067,
    "saturated": 0.034,
    "trans": 0.0,
    "cholesterol": 0.0,
    "protein": 0.91,
    "carbohydrate": 4.28,
    "fiber": 2.9,
    "sugar": 1.78,
    "starch": 0,
    "sucrose": 0,
    "glucose": 0.14,
    "fructose": 0.04,
    "lactose": 0,
    "maltose": 0,
    "galactose": 0,
    "calcium": 0.03,
    "copper": 9.6e-05,
    "iron": 0.00147,
    "magnesium": 0.013000000000000001,
    "manganese": 0.000151,
    "molybdenum": 0,
    "phosphorus": 0.02,
    "potassium": 0.17,
    "selenium": 6e-07,
    "sodium": 0.661,
    "zinc": 0.00019,
    "vitamin-a": 1e-06,
    "retinol": 0.0,
    "thiamin": 2.1000000000000002e-05,
    "riboflavin": 2.2e-05,
    "niacin": 0.00014299999999999998,
    "pantothenic-acid": 9.3e-05,
    "vitamin-b6": 0.00013000000000000002,
    "biotin": 0,
    "folate": 2.4e-05,
    "folic-acid": 0.0,
    "vitamin-b12": 0.0,
    "choline": 0.010400000000000001,
    "vitamin-c": 0.0147,
    "vitamin-d": 0.0,
    "vitamin-e": 0.00014000000000000001,
    "phylloquinone": 1.3e-05,
    "menaquinone": 0,
    "histidine": 0.016,
    "isoleucine": 0.021,
    "leucine": 0.029,
    "lysine": 0.031,
    "methionine": 0.009,
    "phenylalanine": 0.023,
    "threonine": 0.025,
    "tryptophan": 0.008,
    "valine": 0.03,
    "arginine": 0.053,
    "cystine": 0.008,
    "glycine": 0.021,
    "proline": 0.034,
    "tyrosine": 0.014,
    "alanine": 0.03,
    "aspartic-acid": 0.087,
    "glutamic-acid": 0.209,
    "serine": 0.037,
    "hydroxyproline": 0,
    "caffeine": 0.0,
    "theobromine": 0.0
  }
}