{
  "name": "Spinach",
  "amount": 100,
  "nutrients": {
    "energy": 23.0,
    "water": 91.4,
    "fat": 0.39,
    "mono-unsaturated": 0.01,
    "poly-unsaturated": 0.165,
    "saturated": 0.063,
    "trans": 0.0,
    "cholesterol": 0.0,
    "protein": 2.86,
    "carbohydrate": 3.63,
    "fiber": 2.2,
    "sugar": 0.42,
    "starch": 0,
    "sucrose": 0.07,
    "glucose": 0.11,
    "fructose": 0.15,
    "lactose": 0.0,
    "maltose": 0.0,
    "galactose": 0.1,
    "calcium": 0.099,
    "copper": 0.00013000000000000002,
    "iron": 0.00271,
    "magnesium": 0.079,
    "manganese": 0.000897,
    "molybdenum": 0,
    "phosphorus": 0.049,
    "potassium": 0.558,
    "selenium": 1e-06,
    "sodium": 0.079,
    "zinc": 0.0005300000000000001,
    "vitamin-a": 0.00046899999999999996,
    "retinol": 0.0,
    "thiamin": 7.8e-05,
    "riboflavin": 0.000189,
    "niacin": 0.000724,
    "pantothenic-acid": 6.500000000000001e-05,
    "vitamin-b6": 0.00019500000000000002,
    "biotin": 0,
    "folate": 0.000194,
    "folic-acid": 0.0,
    "vitamin-b12": 0.0,
    "choline": 0.0193,
    "vitamin-c": 0.028100000000000003,
    "vitamin-d": 0.0,
    "vitamin-e": 0.0020299999999999997,
    "phylloquinone": 0.0004829,
    "menaquinone": 0,
    "histidine": 0.064,
    "isoleucine": 0.147,
    "leucine": 0.223,
    "lysine": 0.174,
    "methionine": 0.053,
    "phenylalanine": 0.129,
    "threonine": 0.122,
    "tryptophan": 0.039,
    "valine": 0.161,
    "arginine": 0.162,
    "cystine": 0.035,
    "glycine": 0.134,
    "proline": 0.112,
    "tyrosine": 0.108,
    "alanine": 0.142,
    "aspartic-acid": 0.24,
    "glutamic-acid": 0.343,
    "serine": 0.104,
    "hydroxyproline": 0,
    "caffeine": 0.0,
    "theobromine": 0.0
  }
}