{
  "name": "Walnut",
  "amount": 100,
  "nutrients": {
    "energy": 654.0,
    "water": 4.07,
    "fat": 65.21,
    "mono-unsaturated": 8.933,
    "poly-unsaturated": 47.174,
    "saturated": 6.126,
    "trans": 0,
    "cholesterol": 0.0,
    "protein": 15.23,
    "carbohydrate": 13.71,
    "fiber": 6.7,
    "sugar": 2.61,
    "starch": 0.06,
    "sucrose": 2.43,
    "glucose": 0.08,
    "fructose": 0.09,
    "lactose": 0.0,
    "maltose": 0.0,
    "galactose": 0,
    "calcium": 0.098,
    "copper": 0.0015860000000000002,
    "iron": 0.0029100000000000003,
    "magnesium": 0.158,
    "manganese": 0.0034140000000000004,
    "molybdenum": 0,
    "phosphorus": 0.34600000000000003,
    "potassium": 0.441,
    "selenium": 4.9000000000000005e-06,
    "sodium": 0.002,
    "zinc": 0.00309,
    "vitamin-a": 1e-06,
    "retinol": 0.0,
    "thiamin": 0.00034100000000000005,
    "riboflavin": 0.00015,
    "niacin": 0.0011250000000000001,
    "pantothenic-acid": 0.00057,
    "vitamin-b6": 0.000537,
    "biotin": 0,
    "folate": 9.8e-05,
    "folic-acid": 0.0,
    "vitamin-b12": 0.0,
    "choline": 0.039200000000000006,
    "vitamin-c": 0.0013000000000000002,
    "vitamin-d": 0.0,
    "vitamin-e": 0.0007,
    "phylloquinone": 2.7e-06,
    "menaquinone": 0,
    "histidine": 0.391,
    "isoleucine": 0.625,
    "leucine": 1.17,
    "lysine": 0.424,
    "methionine": 0.236,
    "phenylalanine": 0.711,
    "threonine": 0.596,
    "tryptophan": 0.17,
    "valine": 0.753,
    "arginine": 2.278,
    "cystine": 0.208,
    "glycine": 0.816,
    "proline": 0.706,
    "tyrosine": 0.406,
    "alanine": 0.696,
    "aspartic-acid": 1.829,
    "glutamic-acid": 2.816,
    "serine": 0.934,
    "hydroxyproline": 0,
    "caffeine": 0.0,
    "theobromine": 0.0
  }
}